<?xml version="1.0" encoding="UTF-8"?>
<!DOCTYPE mapper
        PUBLIC "-//mybatis.org//DTD Mapper 3.0//EN"
        "http://mybatis.org/dtd/mybatis-3-mapper.dtd">
<mapper namespace="com.tyz.web.admin.mapper.SettlementMapper">

    <resultMap id="BaseResultMap" type="com.tyz.model.entity.Settlement">
            <id property="settlementId" column="settlement_id" jdbcType="INTEGER"/>
            <result property="settlementDate" column="settlement_date" jdbcType="TIMESTAMP"/>
            <result property="settlementResult" column="settlement_result" jdbcType="VARCHAR"/>
            <result property="settlementState" column="settlement_state" jdbcType="INTEGER"/>
            <result property="userId" column="user_id" jdbcType="INTEGER"/>
    </resultMap>

    <sql id="Base_Column_List">
        settlement_id,settlement_date,settlement_result,
        settlement_state,user_id
    </sql>

</mapper>
