<?xml version="1.0" encoding="UTF-8"?>
<!DOCTYPE mapper
        PUBLIC "-//mybatis.org//DTD Mapper 3.0//EN"
        "http://mybatis.org/dtd/mybatis-3-mapper.dtd">
<mapper namespace="com.tyz.web.admin.mapper.TransactionMapper">

    <resultMap id="BaseResultMap" type="com.tyz.model.entity.Transaction">
            <id property="transactionId" column="transaction_id" jdbcType="INTEGER"/>
            <result property="accountId" column="account_id" jdbcType="INTEGER"/>
            <result property="fundId" column="fund_id" jdbcType="INTEGER"/>
            <result property="transactionType" column="transaction_type" jdbcType="INTEGER"/>
            <result property="transactionAmount" column="transaction_amount" jdbcType="DECIMAL"/>
            <result property="transactionShare" column="transaction_share" jdbcType="DECIMAL"/>
            <result property="transactionDate" column="transaction_date" jdbcType="TIMESTAMP"/>
            <result property="transactionState" column="transaction_state" jdbcType="INTEGER"/>
    </resultMap>

    <sql id="Base_Column_List">
        transaction_id,account_id,fund_id,
        transaction_type,transaction_amount,transaction_share,
        transaction_date,transaction_state
    </sql>
    <select id="pageTransactionByQuery" resultType="com.tyz.web.admin.vo.TransactionVo">
        select t.transaction_id,a.customer_id,t.account_id,t.fund_id,
        t.transaction_type,t.transaction_amount,t.transaction_share,
        t.transaction_date,t.transaction_state
        from account a
        left join transaction t on t.account_id = a.account_id
        left join customer c on c.customer_id = a.customer_id
        <where>
            t.transaction_state = 0
            <if test="transactionVo.TransactionId != null">
                and t.transaction_id LIKE CONCAT('%', #{transactionVo.TransactionId}, '%')
            </if>
            <if test="transactionVo.AccountId != null">
                and t.account_id LIKE CONCAT('%', #{transactionVo.AccountId}, '%')
            </if>
            <if test="transactionVo.CustomerId != null">
                and c.customer_id LIKE CONCAT('%', #{transactionVo.CustomerId}, '%')
            </if>
            <if test="transactionVo.CustomerIdCard != null">
                and c.customer_idcard LIKE CONCAT('%', #{transactionVo.CustomerIdCard}, '%')
            </if>
            <if test="transactionVo.FundId != null">
                and t.fund_id LIKE CONCAT('%', #{transactionVo.FundId}, '%')
            </if>
            <if test="transactionVo.TransactionType != null">
                and t.transaction_type = #{transactionVo.TransactionType}
            </if>
            <if test="transactionVo.TransactionDate != null">
                and t.transaction_date = #{transactionVo.TransactionDate}
            </if>
        </where>
    </select>
    <select id="settlementSubscriptionOrRedemption" resultType="com.tyz.model.entity.Settlement">
        select t.transaction_id,t.account_id,t.fund_id,
               t.transaction_type,t.transaction_amount,t.transaction_share,
               t.transaction_date,a.customer_id,t.transaction_state
        from account a
                 left join transaction t on t.account_id = a.account_id
                 left join customer c on c.customer_id = a.customer_id
        where t.transaction_type = #{id};
    </select>
</mapper>
