<?xml version="1.0" encoding="UTF-8"?>
<!DOCTYPE mapper
        PUBLIC "-//mybatis.org//DTD Mapper 3.0//EN"
        "http://mybatis.org/dtd/mybatis-3-mapper.dtd">
<mapper namespace="com.tyz.web.admin.mapper.UserMapper">

    <resultMap id="BaseResultMap" type="com.tyz.model.entity.User">
            <id property="userId" column="user_id" jdbcType="INTEGER"/>
            <result property="userName" column="user_name" jdbcType="VARCHAR"/>
            <result property="password" column="password" jdbcType="VARCHAR"/>
            <result property="userContact" column="user_contact" jdbcType="VARCHAR"/>
    </resultMap>

    <sql id="Base_Column_List">
        user_id,user_name,password,
        user_contact
    </sql>
    <insert id="addUser">
        insert into user (user_id,user_name,password,user_contact)
        values (#{userId},#{userName},#{password},#{userContact})
    </insert>
    <select id="selectOneByUsername" resultType="com.tyz.model.entity.User">
        select user_id as userId, user_name as userName, password as password, user_contact as userContact
        from user
        where user_name = #{userName}
    </select>
</mapper>
